Date;Load
2015-01-01;5686686080
2015-01-02;6752007030
2015-01-03;6605796020
2015-01-04;6273091530
2015-01-05;6760770300
2015-01-06;6053719220
2015-01-07;7577313500
2015-01-08;7847907690
2015-01-09;7745038340
2015-01-10;6921901820
2015-01-11;6423158620
2015-01-12;7587876270
2015-01-13;7688083230
2015-01-14;7689565380
2015-01-15;7656371380
2015-01-16;7670917760
2015-01-17;6999959090
2015-01-18;6696533030
2015-01-19;7914021930
2015-01-20;8142907390
2015-01-21;8171283380
2015-01-22;8102942520
2015-01-23;7989244190
2015-01-24;7160792850
2015-01-25;6544822880
2015-01-26;7788429260
2015-01-27;7875953920
2015-01-28;7814912750
2015-01-29;7762924490
2015-01-30;7604060790
2015-01-31;6841214410
2015-02-01;6471543800
2015-02-02;7881108250
2015-02-03;8048011640
2015-02-04;8213236620
2015-02-05;8178920230
2015-02-06;8218168140
2015-02-07;7478400370
2015-02-08;6842324870
2015-02-09;8065855800
2015-02-10;8129883370
2015-02-11;8023325150
2015-02-12;7956146720
2015-02-13;7744710230
2015-02-14;6935125690
2015-02-15;6307515710
2015-02-16;7415172730
2015-02-17;7700463960
2015-02-18;7646168010
2015-02-19;7602114500
2015-02-20;7603685920
2015-02-21;6844146630
2015-02-22;6306040380
2015-02-23;7457650980
2015-02-24;7645356120
2015-02-25;7596302380
2015-02-26;7447359690
2015-02-27;7273292260
2015-02-28;6511360680
2015-03-01;5970581230
2015-03-02;7023784390
2015-03-03;7094292130
2015-03-04;7197373670
2015-03-05;7264651790
2015-03-06;7198212390
2015-03-07;6348609500
2015-03-08;5851935930
2015-03-09;6966228970
2015-03-10;7071527790
2015-03-11;7029290500
2015-03-12;6991700610
2015-03-13;7035974240
2015-03-14;6464495740
2015-03-15;6037553410
2015-03-16;7169392730
2015-03-17;7341272630
2015-03-18;7388846200
2015-03-19;6861026640
2015-03-20;7085861200
2015-03-21;6555646700
2015-03-22;6088467430
2015-03-23;7313511010
2015-03-24;7490124640
2015-03-25;7430564500
2015-03-26;7351054170
2015-03-27;7082239910
2015-03-28;6214169290
2015-03-29;5366177380
2015-03-30;6508887050
2015-03-31;6584089480
2015-04-01;6485963950
2015-04-02;5718915000
2015-04-03;5187741140
2015-04-04;5471044250
2015-04-05;5223214170
2015-04-06;5732223710
2015-04-07;6533450240
2015-04-08;6753981330
2015-04-09;6830267160
2015-04-10;6768348180
2015-04-11;6118522080
2015-04-12;5574374780
2015-04-13;6494297100
2015-04-14;6677156250
2015-04-15;6773426680
2015-04-16;6776416750
2015-04-17;6692920260
2015-04-18;5988487230
2015-04-19;5489475150
2015-04-20;6504807890
2015-04-21;6642582560
2015-04-22;6621555980
2015-04-23;6502838530
2015-04-24;6548976450
2015-04-25;5990593730
2015-04-26;5546231680
2015-04-27;6553218300
2015-04-28;6626172110
2015-04-29;6658135700
2015-04-30;6663444960
2015-05-01;5445360690
2015-05-02;5649192010
2015-05-03;5460566230
2015-05-04;6587231170
2015-05-05;6736958820
2015-05-06;6705885010
2015-05-07;6703759480
2015-05-08;6742001210
2015-05-09;6084299870
2015-05-10;5580569690
2015-05-11;6689003220
2015-05-12;6933438470
2015-05-13;7036200860
2015-05-14;7176842740
2015-05-15;6739983780
2015-05-16;6106000330
2015-05-17;5613934690
2015-05-18;6731728520
2015-05-19;6852709900
2015-05-20;6699857180
2015-05-21;6653159570
2015-05-22;6645970510
2015-05-23;6018775210
2015-05-24;5462318590
2015-05-25;6515106710
2015-05-26;6715273900
2015-05-27;6783569710
2015-05-28;6871937080
2015-05-29;6787183980
2015-05-30;6090061160
2015-05-31;5580997310
2015-06-01;6669690120
2015-06-02;6986260570
2015-06-03;7068417590
2015-06-04;6895563560
2015-06-05;7011940800
2015-06-06;6392596450
2015-06-07;5840610490
2015-06-08;7042964140
2015-06-09;7161821720
2015-06-10;7156515040
2015-06-11;7013076500
2015-06-12;6845018050
2015-06-13;6094637620
2015-06-14;5523647420
2015-06-15;6588674790
2015-06-16;6668179300
2015-06-17;6767175340
2015-06-18;6864113370
2015-06-19;6975950020
2015-06-20;6379547000
2015-06-21;5859673780
2015-06-22;7043206080
2015-06-23;7063926910
2015-06-24;6668416220
2015-06-25;7127756450
2015-06-26;7290469210
2015-06-27;6768616240
2015-06-28;6290203870
2015-06-29;7572987450
2015-06-30;7800281340
2015-07-01;7718309300
2015-07-02;7601345510
2015-07-03;7659049390
2015-07-04;6901068460
2015-07-05;6487103190
2015-07-06;7854716260
2015-07-07;8169556620
2015-07-08;8113018920
2015-07-09;7934929900
2015-07-10;7818040930
2015-07-11;6948080070
2015-07-12;6380361760
2015-07-13;7762260710
2015-07-14;8003729060
2015-07-15;8045942300
2015-07-16;8026591580
2015-07-17;7994225990
2015-07-18;7063159370
2015-07-19;6409087230
2015-07-20;7910253610
2015-07-21;8143192400
2015-07-22;8045282180
2015-07-23;8002984410
2015-07-24;7920891000
2015-07-25;6829104740
2015-07-26;6294273990
2015-07-27;7659875020
2015-07-28;7830198280
2015-07-29;7934346890
2015-07-30;7694250890
2015-07-31;7295054620
2015-08-01;6346525660
2015-08-02;5932450340
2015-08-03;7259036420
2015-08-04;7366824260
2015-08-05;7446638690
2015-08-06;7430509970
2015-08-07;7497941880
2015-08-08;6622298670
2015-08-09;5916278670
2015-08-10;6942961580
2015-08-11;7122523680
2015-08-12;7161789170
2015-08-13;7014461740
2015-08-14;6628840560
2015-08-15;5783944230
2015-08-16;5538836310
2015-08-17;6524120840
2015-08-18;6609828820
2015-08-19;6636457290
2015-08-20;6858040240
2015-08-21;6985444260
2015-08-22;6309834660
2015-08-23;5722528860
2015-08-24;6636443210
2015-08-25;6886815090
2015-08-26;7059259740
2015-08-27;7169643860
2015-08-28;7210247160
2015-08-29;6553147640
2015-08-30;6097379110
2015-08-31;7331956410
2015-09-01;7325436380
2015-09-02;7260206440
2015-09-03;7080498560
2015-09-04;6871574410
2015-09-05;6037777840
2015-09-06;5517636810
2015-09-07;6556832760
2015-09-08;6598310160
2015-09-09;6782936470
2015-09-10;6845598830
2015-09-11;6567916760
2015-09-12;6090149430
2015-09-13;5593056430
2015-09-14;6587381780
2015-09-15;6766747240
2015-09-16;6858984260
2015-09-17;6714707010
2015-09-18;6652464160
2015-09-19;6004076610
2015-09-20;5523875380
2015-09-21;6655953230
2015-09-22;6844654590
2015-09-23;6809846860
2015-09-24;6718317390
2015-09-25;6697653910
2015-09-26;6006943070
2015-09-27;5502169140
2015-09-28;6570407550
2015-09-29;6703339300
2015-09-30;6680428440
2015-10-01;6686425990
2015-10-02;6679099680
2015-10-03;5964960500
2015-10-04;5534968040
2015-10-05;6697139420
2015-10-06;6770969500
2015-10-07;6687282520
2015-10-08;6662048030
2015-10-09;6471205740
2015-10-10;5844353260
2015-10-11;5397994480
2015-10-12;5525625870
2015-10-13;6522075460
2015-10-14;6613018490
2015-10-15;6606597140
2015-10-16;6616942080
2015-10-17;5964425440
2015-10-18;5498999100
2015-10-19;6613977840
2015-10-20;6739296650
2015-10-21;6683330980
2015-10-22;6668634030
2015-10-23;6658657860
2015-10-24;5951344240
2015-10-25;5699024170
2015-10-26;6595023740
2015-10-27;6747999480
2015-10-28;6737637950
2015-10-29;6748241210
2015-10-30;6666943410
2015-10-31;5951864330
2015-11-01;5443423050
2015-11-02;6286868250
2015-11-03;6759495050
2015-11-04;6804046090
2015-11-05;6753961860
2015-11-06;6718712410
2015-11-07;5957580200
2015-11-08;5475407020
2015-11-09;6450613000
2015-11-10;6703158820
2015-11-11;6740936220
2015-11-12;6765297730
2015-11-13;6759079080
2015-11-14;5989376640
2015-11-15;5568376670
2015-11-16;6722105030
2015-11-17;6943175890
2015-11-18;6963373410
2015-11-19;6914755520
2015-11-20;6894498900
2015-11-21;6230683740
2015-11-22;5874105730
2015-11-23;7221211920
2015-11-24;7529734230
2015-11-25;7466383380
2015-11-26;7377439500
2015-11-27;7265214260
2015-11-28;6513878850
2015-11-29;6060393550
2015-11-30;7325019430
2015-12-01;7507170660
2015-12-02;7522111350
2015-12-03;7436595610
2015-12-04;7329567620
2015-12-05;6587352290
2015-12-06;6055441010
2015-12-07;6402285090
2015-12-08;6130865080
2015-12-09;7180362930
2015-12-10;7341807120
2015-12-11;7339502470
2015-12-12;6650031150
2015-12-13;6218833510
2015-12-14;7375261810
2015-12-15;7418892870
2015-12-16;7331266940
2015-12-17;7312338500
2015-12-18;7163710670
2015-12-19;6516942690
2015-12-20;6049007700
2015-12-21;7058167920
2015-12-22;7143196780
2015-12-23;6979318940
2015-12-24;6111653500
2015-12-25;5194062620
2015-12-26;5737939600
2015-12-27;5722888510
2015-12-28;6530225570
2015-12-29;6500425760
2015-12-30;6474225120
2015-12-31;5963496100
2016-01-01;5155814730
2016-01-02;5781842700
2016-01-03;5843787250
2016-01-04;6665651060
2016-01-05;6630201470
2016-01-06;5859270740
2016-01-07;7105835860
2016-01-08;7118750810
2016-01-09;6488929270
2016-01-10;6145149940
2016-01-11;7234545850
2016-01-12;7405061440
2016-01-13;7563740680
2016-01-14;7635460010
2016-01-15;7571265010
2016-01-16;6885051760
2016-01-17;6546461550
2016-01-18;7698730200
2016-01-19;7775505590
2016-01-20;7733622280
2016-01-21;7708952840
2016-01-22;7571470640
2016-01-23;6673312140
2016-01-24;6144136970
2016-01-25;7254578080
2016-01-26;7440370760
2016-01-27;7432865810
2016-01-28;7421671200
2016-01-29;7369746960
2016-01-30;6641717780
2016-01-31;6135417080
2016-02-01;7171049870
2016-02-02;7332106490
2016-02-03;7356892870
2016-02-04;7401818190
2016-02-05;7389965100
2016-02-06;6712359800
2016-02-07;6197835060
2016-02-08;7258357850
2016-02-09;7389429960
2016-02-10;7401684240
2016-02-11;7313105940
2016-02-12;7332278410
2016-02-13;6583859900
2016-02-14;6148030650
2016-02-15;7443775230
2016-02-16;7650774350
2016-02-17;7793426870
2016-02-18;7832708330
2016-02-19;7690970930
2016-02-20;6818355420
2016-02-21;6257085980
2016-02-22;7299139780
2016-02-23;7366278750
2016-02-24;7437457260
2016-02-25;7337284310
2016-02-26;7482411530
2016-02-27;6925972240
2016-02-28;6357536630
2016-02-29;7264398360
2016-03-01;7438083110
2016-03-02;7409052920
2016-03-03;7366601400
2016-03-04;7371591630
2016-03-05;6647180960
2016-03-06;6215718000
2016-03-07;7568865660
2016-03-08;7597263620
2016-03-09;7722359340
2016-03-10;7650727010
2016-03-11;7496298900
2016-03-12;6684475680
2016-03-13;6187827470
2016-03-14;7400688860
2016-03-15;7519044770
2016-03-16;7473381770
2016-03-17;7454855400
2016-03-18;7368003710
2016-03-19;6573759440
2016-03-20;6090393830
2016-03-21;7185834810
2016-03-22;7186143130
2016-03-23;7020854720
2016-03-24;6079304700
2016-03-25;5655239060
2016-03-26;5856575500
2016-03-27;5307116720
2016-03-28;6146845940
2016-03-29;6789009940
2016-03-30;6837383430
2016-03-31;6990532440
2016-04-01;7019371940
2016-04-02;6354604730
2016-04-03;5941761290
2016-04-04;7051916440
2016-04-05;7209992420
2016-04-06;7067037660
2016-04-07;6997665100
2016-04-08;7012314650
2016-04-09;6266315500
2016-04-10;5837869860
2016-04-11;6952317860
2016-04-12;7110861760
2016-04-13;6995780430
2016-04-14;6963012890
2016-04-15;6874716540
2016-04-16;6204509050
2016-04-17;5669471670
2016-04-18;6706629600
2016-04-19;6926995770
2016-04-20;6966647850
2016-04-21;6876554320
2016-04-22;6800953440
2016-04-23;6030857270
2016-04-24;5542918270
2016-04-25;6586399820
2016-04-26;6724939530
2016-04-27;6790155690
2016-04-28;6788421010
2016-04-29;6747933660
2016-04-30;6004852860
2016-05-01;5288651430
2016-05-02;6063114720
2016-05-03;6623164590
2016-05-04;6670467600
2016-05-05;6696420520
2016-05-06;6703710040
2016-05-07;6011264270
2016-05-08;5581753000
2016-05-09;6655774370
2016-05-10;6805206310
2016-05-11;6785733880
2016-05-12;6780016970
2016-05-13;6719243140
2016-05-14;5978725810
2016-05-15;5439936740
2016-05-16;6114382620
2016-05-17;6525905030
2016-05-18;6676252500
2016-05-19;6664199750
2016-05-20;6676176680
2016-05-21;6032880580
2016-05-22;5538086820
2016-05-23;6489625620
2016-05-24;6663445390
2016-05-25;6718801680
2016-05-26;6688699800
2016-05-27;6685052500
2016-05-28;6025961130
2016-05-29;5479873970
2016-05-30;6487197770
2016-05-31;6639161150
2016-06-01;6690822040
2016-06-02;6733951210
2016-06-03;6752463530
2016-06-04;6076641430
2016-06-05;5598441460
2016-06-06;6714044220
2016-06-07;7001788890
2016-06-08;7142514750
2016-06-09;7243014840
2016-06-10;7130637570
2016-06-11;6318967630
2016-06-12;5793458730
2016-06-13;7131720490
2016-06-14;7246339290
2016-06-15;7110858140
2016-06-16;6756643470
2016-06-17;6704289090
2016-06-18;6128965030
2016-06-19;5642235070
2016-06-20;6751496660
2016-06-21;7052711980
2016-06-22;7143173120
2016-06-23;7099735210
2016-06-24;6752763740
2016-06-25;6430174160
2016-06-26;5853704690
2016-06-27;7071978940
2016-06-28;7340165980
2016-06-29;7352837210
2016-06-30;7397312860
2016-07-01;7353546700
2016-07-02;6628808230
2016-07-03;6159061850
2016-07-04;7280225190
2016-07-05;7534765960
2016-07-06;7575765750
2016-07-07;7448436170
2016-07-08;7534953160
2016-07-09;6867195060
2016-07-10;6390436620
2016-07-11;7716155110
2016-07-12;7713931040
2016-07-13;7437304930
2016-07-14;7287626510
2016-07-15;7188076600
2016-07-16;6493376760
2016-07-17;6005708570
2016-07-18;7332528310
2016-07-19;7596266220
2016-07-20;7741850210
2016-07-21;7738784070
2016-07-22;7509682560
2016-07-23;6585738040
2016-07-24;6045791300
2016-07-25;7034248640
2016-07-26;7682024690
2016-07-27;7720941550
2016-07-28;7703505180
2016-07-29;7658196300
2016-07-30;6856084390
2016-07-31;6196875830
2016-08-01;7279752870
2016-08-02;7458981650
2016-08-03;7539382460
2016-08-04;7538047950
2016-08-05;7341886990
2016-08-06;6505808220
2016-08-07;5999085710
2016-08-08;7028886080
2016-08-09;7123121560
2016-08-10;6832494830
2016-08-11;6786621670
2016-08-12;6821594860
2016-08-13;6241623460
2016-08-14;5758163980
2016-08-15;5902114880
2016-08-16;6783907720
2016-08-17;6940556440
2016-08-18;7047322680
2016-08-19;7103721360
2016-08-20;6561560770
2016-08-21;5978073140
2016-08-22;7145910770
2016-08-23;7345038700
2016-08-24;7328250350
2016-08-25;7258352060
2016-08-26;7257284420
2016-08-27;6616263710
2016-08-28;6236974940
2016-08-29;7466279360
2016-08-30;7509136270
2016-08-31;7519441790
2016-09-01;7547281330
2016-09-02;7616731600
2016-09-03;6909040850
2016-09-04;6513874040
2016-09-05;7935654210
2016-09-06;8174259640
2016-09-07;8089522930
2016-09-08;7605100590
2016-09-09;7509996090
2016-09-10;6699993130
2016-09-11;6188622870
2016-09-12;7438791960
2016-09-13;7357545430
2016-09-14;6913957040
2016-09-15;6787701610
2016-09-16;6758784950
2016-09-17;6121027290
2016-09-18;5654892130
2016-09-19;6677618580
2016-09-20;6894457900
2016-09-21;6880471500
2016-09-22;6931869170
2016-09-23;6869852500
2016-09-24;6076307830
2016-09-25;5586328020
2016-09-26;6729196840
2016-09-27;6946744410
2016-09-28;6951342950
2016-09-29;6876120030
2016-09-30;6839446360
2016-10-01;6093388430
2016-10-02;5603411520
2016-10-03;6701022910
2016-10-04;6925112270
2016-10-05;6949519630
2016-10-06;6906695960
2016-10-07;6711582410
2016-10-08;6044464360
2016-10-09;5572095530
2016-10-10;6599736720
2016-10-11;6664161980
2016-10-12;5764184680
2016-10-13;6556030570
2016-10-14;6585822200
2016-10-15;5910737410
2016-10-16;5497897410
2016-10-17;6644802470
2016-10-18;6821849090
2016-10-19;6809464450
2016-10-20;6799566470
2016-10-21;6744223500
2016-10-22;6083651820
2016-10-23;5655692890
2016-10-24;6702303240
2016-10-25;6835632110
2016-10-26;6819440190
2016-10-27;6796150780
2016-10-28;6744012790
2016-10-29;5967231740
2016-10-30;5648712530
2016-10-31;6017796550
2016-11-01;5570993320
2016-11-02;6605293770
2016-11-03;6749486980
2016-11-04;6860253750
2016-11-05;6172946640
2016-11-06;5657789070
2016-11-07;6886727760
2016-11-08;7209257640
2016-11-09;7198718900
2016-11-10;7216595220
2016-11-11;7162462250
2016-11-12;6393359620
2016-11-13;5899564630
2016-11-14;7060804790
2016-11-15;7293236610
2016-11-16;7255079990
2016-11-17;7242393820
2016-11-18;7198047270
2016-11-19;6415222630
2016-11-20;6027196580
2016-11-21;7151452690
2016-11-22;7353569390
2016-11-23;7416083210
2016-11-24;7448679400
2016-11-25;7508127620
2016-11-26;6760304950
2016-11-27;6237595980
2016-11-28;7324000500
2016-11-29;7519030240
2016-11-30;7494189340
2016-12-01;7463438270
2016-12-02;7373493510
2016-12-03;6689665160
2016-12-04;6194976620
2016-12-05;6935849310
2016-12-06;6413887860
2016-12-07;6992828660
2016-12-08;6301298760
2016-12-09;6770176500
2016-12-10;6394873250
2016-12-11;6107806430
2016-12-12;7302915800
2016-12-13;7561826940
2016-12-14;7630212110
2016-12-15;7670044670
2016-12-16;7611266420
2016-12-17;6761537430
2016-12-18;6395343640
2016-12-19;7660155630
2016-12-20;7694707030
2016-12-21;7613420110
2016-12-22;7486013910
2016-12-23;7102470890
2016-12-24;6100634570
2016-12-25;5327258950
2016-12-26;5854026630
2016-12-27;6769916220
2016-12-28;6850995220
2016-12-29;6856700830
2016-12-30;6842817630
2016-12-31;6274612920
2017-01-01;5634124830
2017-01-02;6974142450
2017-01-03;7496721120
2017-01-04;7466359200
2017-01-05;7143849010
2017-01-06;6112287840
2017-01-07;6664854580
2017-01-08;6566257210
2017-01-09;7800667530
2017-01-10;8040578220
2017-01-11;7821054420
2017-01-12;7737468170
2017-01-13;7700966410
2017-01-14;7081829270
2017-01-15;6661217000
2017-01-16;7825454740
2017-01-17;8044353140
2017-01-18;8409588050
2017-01-19;8441191560
2017-01-20;8242282330
2017-01-21;7294031060
2017-01-22;6748130030
2017-01-23;7944545100
2017-01-24;8010828500
2017-01-25;8061831780
2017-01-26;8142251920
2017-01-27;8003077710
2017-01-28;7044811190
2017-01-29;6527051640
2017-01-30;7568749610
2017-01-31;7572718550
2017-02-01;7558402070
2017-02-02;7603010590
2017-02-03;7489383120
2017-02-04;6683755620
2017-02-05;6240249870
2017-02-06;7374027610
2017-02-07;7444682470
2017-02-08;7523411550
2017-02-09;7608800480
2017-02-10;7693825830
2017-02-11;6974707640
2017-02-12;6429212800
2017-02-13;7459415480
2017-02-14;7491377100
2017-02-15;7358931710
2017-02-16;7385962520
2017-02-17;7323690470
2017-02-18;6637117060
2017-02-19;6144513680
2017-02-20;7233285360
2017-02-21;7334026650
2017-02-22;7296395870
2017-02-23;7347267940
2017-02-24;7287503030
2017-02-25;6515538150
2017-02-26;6042139590
2017-02-27;7023681000
2017-02-28;7088860500
2017-03-01;7223967950
2017-03-02;7243201930
2017-03-03;7351194770
2017-03-04;6689868520
2017-03-05;6156549260
2017-03-06;7034565680
2017-03-07;7117883880
2017-03-08;7000339220
2017-03-09;6947825070
2017-03-10;6829392230
2017-03-11;6097070880
2017-03-12;5694458600
2017-03-13;6995974030
2017-03-14;7131708200
2017-03-15;6981323560
2017-03-16;6943071050
2017-03-17;6865382580
2017-03-18;6107598790
2017-03-19;5625255330
2017-03-20;6581743200
2017-03-21;6967142360
2017-03-22;7138260840
2017-03-23;7263298950
2017-03-24;7369382170
2017-03-25;6645844940
2017-03-26;5817011230
2017-03-27;7134826760
2017-03-28;7103818280
2017-03-29;7018076490
2017-03-30;6916519100
2017-03-31;6874792740
2017-04-01;6235465300
2017-04-02;5782316200
2017-04-03;6789566770
2017-04-04;6924336740
2017-04-05;6900435700
2017-04-06;6871176370
2017-04-07;6807693250
2017-04-08;6143626120
2017-04-09;5626008540
2017-04-10;6564161800
2017-04-11;6678009470
2017-04-12;6550606940
2017-04-13;5690976020
2017-04-14;5246550230
2017-04-15;5533195610
2017-04-16;5243650870
2017-04-17;5775886550
2017-04-18;6561640780
2017-04-19;6767712540
2017-04-20;6757754360
2017-04-21;6739912940
2017-04-22;6106468170
2017-04-23;5580504470
2017-04-24;6402238390
2017-04-25;6784521730
2017-04-26;6867515870
2017-04-27;6951444580
2017-04-28;6903173590
2017-04-29;6188725120
2017-04-30;5655535830
2017-05-01;5405314420
2017-05-02;6446327260
2017-05-03;6769100500
2017-05-04;6798715340
2017-05-05;6775775460
2017-05-06;6071560900
2017-05-07;5558454300
2017-05-08;6617306000
2017-05-09;6786252040
2017-05-10;6813865860
2017-05-11;6791312710
2017-05-12;6725677070
2017-05-13;6031756200
2017-05-14;5525988520
2017-05-15;6482877050
2017-05-16;6855832490
2017-05-17;6849108320
2017-05-18;6832331670
2017-05-19;6697227500
2017-05-20;6039122420
2017-05-21;5585470020
2017-05-22;6661944890
2017-05-23;6942764320
2017-05-24;7029586930
2017-05-25;7115258350
2017-05-26;7090343570
2017-05-27;6357138900
2017-05-28;5763557760
2017-05-29;6779968760
2017-05-30;6910551160
2017-05-31;6938606550
2017-06-01;7044550340
2017-06-02;7104061410
2017-06-03;6382788480
2017-06-04;5728126210
2017-06-05;6615468050
2017-06-06;6979122390
2017-06-07;7068469340
2017-06-08;7190858920
2017-06-09;7161924650
2017-06-10;6534361160
2017-06-11;6113044890
2017-06-12;7449366410
2017-06-13;7731889160
2017-06-14;7881962890
2017-06-15;7946211580
2017-06-16;7961515090
2017-06-17;7301531980
2017-06-18;6722409700
2017-06-19;7911365690
2017-06-20;8040459260
2017-06-21;8071921550
2017-06-22;8080921490
2017-06-23;7866341150
2017-06-24;7020016860
2017-06-25;6470000430
2017-06-26;7558015010
2017-06-27;7607986170
2017-06-28;7367754040
2017-06-29;7018349500
2017-06-30;6872221820
2017-07-01;6229579850
2017-07-02;5821231340
2017-07-03;7019380880
2017-07-04;7371960240
2017-07-05;7471914650
2017-07-06;7362240870
2017-07-07;7250435030
2017-07-08;6487565780
2017-07-09;6013556450
2017-07-10;7320439690
2017-07-11;7619387450
2017-07-12;7920429490
2017-07-13;8137546520
2017-07-14;8086065730
2017-07-15;7175090680
2017-07-16;6524302190
2017-07-17;7795128690
2017-07-18;8031455580
2017-07-19;7931941440
2017-07-20;7727714790
2017-07-21;7534521050
2017-07-22;6747291140
2017-07-23;6186136440
2017-07-24;7322507200
2017-07-25;7267221130
2017-07-26;7463124630
2017-07-27;7719037720
2017-07-28;7744694140
2017-07-29;7031166230
2017-07-30;6475731430
2017-07-31;7343149500
2017-08-01;7558811800
2017-08-02;7616464850
2017-08-03;7756240640
2017-08-04;7899382070
2017-08-05;7150131060
2017-08-06;6479117110
2017-08-07;7465626760
2017-08-08;7359223190
2017-08-09;7046711680
2017-08-10;6743245260
2017-08-11;6751591330
2017-08-12;6220502620
2017-08-13;5814238280
2017-08-14;6571884930
2017-08-15;6209750150
2017-08-16;6996787600
2017-08-17;7177141840
2017-08-18;7299925470
2017-08-19;6642354080
2017-08-20;6184336030
2017-08-21;7318602420
2017-08-22;7527257840
2017-08-23;7542761820
2017-08-24;7508289070
2017-08-25;7430690560
2017-08-26;6729892790
2017-08-27;6142769410
2017-08-28;7186532070
2017-08-29;7187318980
2017-08-30;7077708570
2017-08-31;7095554780
2017-09-01;6985274610
2017-09-02;6265239870
2017-09-03;5838241100
2017-09-04;7047210710
2017-09-05;7415493100
2017-09-06;7481340200
2017-09-07;7404965700
2017-09-08;7125149950
2017-09-09;6298867810
2017-09-10;5693065460
2017-09-11;6636883210
2017-09-12;7061873880
2017-09-13;7187299520
2017-09-14;7216491970
2017-09-15;6892315070
2017-09-16;6079582440
2017-09-17;5601688790
2017-09-18;6683103310
2017-09-19;6908488730
2017-09-20;6915260230
2017-09-21;6933543850
2017-09-22;6939590400
2017-09-23;6197141070
2017-09-24;5720526070
2017-09-25;6811154820
2017-09-26;6970928440
2017-09-27;6982518490
2017-09-28;6980638960
2017-09-29;6958456120
2017-09-30;6220600280
2017-10-01;5695873700
2017-10-02;6861664280
2017-10-03;6901058310
2017-10-04;7078166190
2017-10-05;7106320880
2017-10-06;7074095180
2017-10-07;6181365450
2017-10-08;5671272050
2017-10-09;6633180180
2017-10-10;6890547520
2017-10-11;6869789040
2017-10-12;5886286650
2017-10-13;6314613000
2017-10-14;6010936490
2017-10-15;5613821440
2017-10-16;6742879710
2017-10-17;6873369680
2017-10-18;6866185660
2017-10-19;6763800450
2017-10-20;6767111890
2017-10-21;6068702320
2017-10-22;5538133500
2017-10-23;6635979430
2017-10-24;6837458010
2017-10-25;6877765510
2017-10-26;6822843570
2017-10-27;6798808230
2017-10-28;6023208390
2017-10-29;5760073630
2017-10-30;6663718570
2017-10-31;6776684090
2017-11-01;5793880790
2017-11-02;6680574560
2017-11-03;6796505100
2017-11-04;6084025900
2017-11-05;5627557310
2017-11-06;6779194790
2017-11-07;7052476780
2017-11-08;7197148730
2017-11-09;7189066050
2017-11-10;7238171120
2017-11-11;6447096860
2017-11-12;5948597130
2017-11-13;7143090410
2017-11-14;7432524210
2017-11-15;7487489100
2017-11-16;7467200910
2017-11-17;7387290670
2017-11-18;6598373150
2017-11-19;6093833950
2017-11-20;7286069060
2017-11-21;7484621630
2017-11-22;7544752300
2017-11-23;7422691230
2017-11-24;7320620140
2017-11-25;6618721200
2017-11-26;6153245480
2017-11-27;7449313250
2017-11-28;7684567790
2017-11-29;7740361960
2017-11-30;7785931310
2017-12-01;7888036160
2017-12-02;7236655840
2017-12-03;6771729460
2017-12-04;7959101730
2017-12-05;8061936860
2017-12-06;7179285490
2017-12-07;7420458750
2017-12-08;6814806530
2017-12-09;6787537050
2017-12-10;6479560330
2017-12-11;7615155720
2017-12-12;7844247030
2017-12-13;7976170550
2017-12-14;7883111430
2017-12-15;7623411190
2017-12-16;6882704680
2017-12-17;6568257400
2017-12-18;7879336820
2017-12-19;7906553100
2017-12-20;7924251990
2017-12-21;7772068780
2017-12-22;7515576180
2017-12-23;6631226570
2017-12-24;6039371960
2017-12-25;5600515380
2017-12-26;6622822940
2017-12-27;7008274800
2017-12-28;6953856320
2017-12-29;6743374920
2017-12-30;6134569590
2017-12-31;5796932510
2018-01-01;5399258420
2018-01-02;6849619510
2018-01-03;7134223200
2018-01-04;7130272770
2018-01-05;6850845860
2018-01-06;6043793510
2018-01-07;6353866380
2018-01-08;7754665620
2018-01-09;8131321370
2018-01-10;7963722920
2018-01-11;7931966800
2018-01-12;7907192910
2018-01-13;7213701480
2018-01-14;6713948390
2018-01-15;7935560510
2018-01-16;7920761880
2018-01-17;7769908420
2018-01-18;7767086690
2018-01-19;7716896120
2018-01-20;6877303110
2018-01-21;6296422440
2018-01-22;7376013790
2018-01-23;7524982400
2018-01-24;7551178640
2018-01-25;7678231890
2018-01-26;7793527070
2018-01-27;6980149270
2018-01-28;6474263420
2018-01-29;7530618160
2018-01-30;7703956340
2018-01-31;7682003110
2018-02-01;7869668970
2018-02-02;7943467190
2018-02-03;7153215770
2018-02-04;6811327670
2018-02-05;8099178690
2018-02-06;8208313680
2018-02-07;8296389200
2018-02-08;8358935000
2018-02-09;8285237160
2018-02-10;7321338530
2018-02-11;6673500250
2018-02-12;7896118690
2018-02-13;8108942220
2018-02-14;8025401300
2018-02-15;7771936090
2018-02-16;7579738300
2018-02-17;6753431210
2018-02-18;6331132320
2018-02-19;7474612370
2018-02-20;7553749140
2018-02-21;7600526710
2018-02-22;7724620360
2018-02-23;7782684400
2018-02-24;6975103940
2018-02-25;6435475690
2018-02-26;7670748940
2018-02-27;8097771420
2018-02-28;7945196420
2018-03-01;7888594560
2018-03-02;7871823350
2018-03-03;6798685920
2018-03-04;6255423390
2018-03-05;7518265070
2018-03-06;7683389030
2018-03-07;7619050330
2018-03-08;7545018170
2018-03-09;7459641580
2018-03-10;6573612090
2018-03-11;6153584400
2018-03-12;7287770050
2018-03-13;7438271280
2018-03-14;7529787020
2018-03-15;7465371130
2018-03-16;7393343720
2018-03-17;6741832410
2018-03-18;6249092130
2018-03-19;7402147180
2018-03-20;7889986410
2018-03-21;7858332430
2018-03-22;7748212840
2018-03-23;7733786050
2018-03-24;6970705760
2018-03-25;6101707280
2018-03-26;7342777420
2018-03-27;7245414930
2018-03-28;6992512950
2018-03-29;6198759620
2018-03-30;5807505970
2018-03-31;5991839640
2018-04-01;5663866010
2018-04-02;6250031610
2018-04-03;6980346520
2018-04-04;7109302890
2018-04-05;6978485330
2018-04-06;7027315920
2018-04-07;6427232290
2018-04-08;5915761610
2018-04-09;7050091370
2018-04-10;7480141390
2018-04-11;7517866690
2018-04-12;7423171430
2018-04-13;7372959660
2018-04-14;6454775570
2018-04-15;5935587750
2018-04-16;6995127680
2018-04-17;6999414650
2018-04-18;6896670750
2018-04-19;6813821070
2018-04-20;6767580970
2018-04-21;6088242570
2018-04-22;5598563470
2018-04-23;6520665230
2018-04-24;6778494200
2018-04-25;6851368960
2018-04-26;6808648680
2018-04-27;6759210950
2018-04-28;6031931520
2018-04-29;5571951370
2018-04-30;6190043840
2018-05-01;5591147830
2018-05-02;6572145120
2018-05-03;6873885050
2018-05-04;6876882180
2018-05-05;6136790870
2018-05-06;5586585590
2018-05-07;6658738040
2018-05-08;6825885420
2018-05-09;6816248780
2018-05-10;6815162370
2018-05-11;6772940740
2018-05-12;6082699680
2018-05-13;5602148610
2018-05-14;6625844410
2018-05-15;6720854860
2018-05-16;6826854620
2018-05-17;6789054770
2018-05-18;6760671460
2018-05-19;6071731760
2018-05-20;5564502640
2018-05-21;6488367570
2018-05-22;6771042460
2018-05-23;6870732510
2018-05-24;6873906420
2018-05-25;6808696080
2018-05-26;6055071410
2018-05-27;5548883530
2018-05-28;6617179200
2018-05-29;6780480450
2018-05-30;6754485200
2018-05-31;6696881400
2018-06-01;6679876740
2018-06-02;6000138930
2018-06-03;5479392340
2018-06-04;6589405970
2018-06-05;6787369630
2018-06-06;6767885240
2018-06-07;6754102310
2018-06-08;6763012380
2018-06-09;6046712390
2018-06-10;5564287630
2018-06-11;6667035300
2018-06-12;6882380340
2018-06-13;6950731780
2018-06-14;6953653340
2018-06-15;6947500440
2018-06-16;6314279830
2018-06-17;5848073950
2018-06-18;7009976630
2018-06-19;7246188770
2018-06-20;7372734120
2018-06-21;7459348060
2018-06-22;7477202790
2018-06-23;6712017540
2018-06-24;6163154910
2018-06-25;7385989480
2018-06-26;7577619200
2018-06-27;7561605040
2018-06-28;7466744830
2018-06-29;7319531450
2018-06-30;6616126260
2018-07-01;6051738340
2018-07-02;7154903090
2018-07-03;7454715510
2018-07-04;7407392650
2018-07-05;7363899010
2018-07-06;7344869710
2018-07-07;6635554580
2018-07-08;6123194760
2018-07-09;7521328080
2018-07-10;7731375750
2018-07-11;7670567060
2018-07-12;7587197170
2018-07-13;7518271150
2018-07-14;6704372160
2018-07-15;6085507570
2018-07-16;7213844390
2018-07-17;7510101280
2018-07-18;7602820370
2018-07-19;7622889360
2018-07-20;7520355630
2018-07-21;6590322450
2018-07-22;5989170000
2018-07-23;7347266440
2018-07-24;7604431010
2018-07-25;7515323840
2018-07-26;7597864060
2018-07-27;7554792680
2018-07-28;6762601060
2018-07-29;6175147550
2018-07-30;7324455170
2018-07-31;7523067610
2018-08-01;7782410370
2018-08-02;7972153990
2018-08-03;8060301090
2018-08-04;7181512160
2018-08-05;6626355940
2018-08-06;7783014940
2018-08-07;7824326020
2018-08-08;7628563720
2018-08-09;7383617740
2018-08-10;7157210140
2018-08-11;6608557140
2018-08-12;6215580000
2018-08-13;6964697770
2018-08-14;6962676550
2018-08-15;6218483790
2018-08-16;6801927420
2018-08-17;6714432620
2018-08-18;6146532020
2018-08-19;5829122860
2018-08-20;6917651180
2018-08-21;7194001420
2018-08-22;7290269200
2018-08-23;7282098340
2018-08-24;7233917350
2018-08-25;6497304800
2018-08-26;6001759860
2018-08-27;7344669470
2018-08-28;7615671640
2018-08-29;7569303240
2018-08-30;7549667320
2018-08-31;7485505690
2018-09-01;6699771710
2018-09-02;6279061100
2018-09-03;7425376740
2018-09-04;7511606960
2018-09-05;7439348560
2018-09-06;7296064030
2018-09-07;7167820470
2018-09-08;6256200240
2018-09-09;5780754200
2018-09-10;6793534010
2018-09-11;6875826410
2018-09-12;7300391820
2018-09-13;7360176710
2018-09-14;7303195670
2018-09-15;6394981280
2018-09-16;5904408590
2018-09-17;7129057140
2018-09-18;7304380320
2018-09-19;7373782150
2018-09-20;7434295810
2018-09-21;7374386230
2018-09-22;6612983730
2018-09-23;6123584200
2018-09-24;7285906230
2018-09-25;7361740010
2018-09-26;7296587690
2018-09-27;7192350540
2018-09-28;7102255500
2018-09-29;6276627220
2018-09-30;5769206080
2018-10-01;6885139460
2018-10-02;6923493510
2018-10-03;6957376140
2018-10-04;6974450320
2018-10-05;6866148630
2018-10-06;6139824920
2018-10-07;5642938860
2018-10-08;6569186410
2018-10-09;6632431430
2018-10-10;6771680170
2018-10-11;6767901180
2018-10-12;5800878700
2018-10-13;5817355680
2018-10-14;5574776760
2018-10-15;6543574290
2018-10-16;6740356520
2018-10-17;6813109140
2018-10-18;6822304810
2018-10-19;6733667250
2018-10-20;5999890380
2018-10-21;5558846480
2018-10-22;6599014460
2018-10-23;6765126940
2018-10-24;6759360250
2018-10-25;6740726890
2018-10-26;6757333540
2018-10-27;6078981630
2018-10-28;5936268500
2018-10-29;7042833400
2018-10-30;7360690640
2018-10-31;7316865610
2018-11-01;6198357190
2018-11-02;6588907770
2018-11-03;6234026420
2018-11-04;5938754430
2018-11-05;7157652680
2018-11-06;7368177970
2018-11-07;7362353790
2018-11-08;7381362490
2018-11-09;7247508040
2018-11-10;6482028880
2018-11-11;5936513560
2018-11-12;7051099090
2018-11-13;7149894790
2018-11-14;7137425900
2018-11-15;7115677930
2018-11-16;7070571360
2018-11-17;6303137320
2018-11-18;5963020720
2018-11-19;7118927260
2018-11-20;7370511050
2018-11-21;7425178870
2018-11-22;7481085770
2018-11-23;7427003160
2018-11-24;6664513210
2018-11-25;6207029250
2018-11-26;7402198670
2018-11-27;7567489780
2018-11-28;7581976970
2018-11-29;7606158340
2018-11-30;7489545260
2018-12-01;6722211650
2018-12-02;6231737910
2018-12-03;7287325550
2018-12-04;7352006650
2018-12-05;7315083460
2018-12-06;6402396680
2018-12-07;6687145670
2018-12-08;6244705490
2018-12-09;6070365010
2018-12-10;7282138770
2018-12-11;7530150390
2018-12-12;7612869890
2018-12-13;7707642600
2018-12-14;7601944580
2018-12-15;6821792840
2018-12-16;6398201030
2018-12-17;7590319520
2018-12-18;7821568390
2018-12-19;7657992190
2018-12-20;7559384480
2018-12-21;7322918290
2018-12-22;6507753640
2018-12-23;6113513160
2018-12-24;6084457730
2018-12-25;5324888770
2018-12-26;6343707750
2018-12-27;6812708330
2018-12-28;6824583730
2018-12-29;6358306150
2018-12-30;6005378100
2018-12-31;6149566240
2019-01-01;5474041920
2019-01-02;7017848040
2019-01-03;7463451690
2019-01-04;7540854590
2019-01-05;6814612720
2019-01-06;6255564730
2019-01-07;7250018270
2019-01-08;8026887930
2019-01-09;8040908140
2019-01-10;8144523590
2019-01-11;8240012480
2019-01-12;7342881070
2019-01-13;6838927390
2019-01-14;7937953200
2019-01-15;8041859090
2019-01-16;8058070020
2019-01-17;8082420050
2019-01-18;8067156240
2019-01-19;7267100140
2019-01-20;6675240660
2019-01-21;7867989100
2019-01-22;8218940650
2019-01-23;8112212580
2019-01-24;7938731340
2019-01-25;7726060710
2019-01-26;6845605680
2019-01-27;6410173080
2019-01-28;7661036260
2019-01-29;7904975720
2019-01-30;7878550120
2019-01-31;7821883550
2019-02-01;7703718670
2019-02-02;6998983630
2019-02-03;6583146260
2019-02-04;7858884010
2019-02-05;7839910360
2019-02-06;7719626960
2019-02-07;7641306940
2019-02-08;7580747620
2019-02-09;6806916140
2019-02-10;6359039350
2019-02-11;7409515310
2019-02-12;7581070690
2019-02-13;7564363470
2019-02-14;7527391580
2019-02-15;7491652010
2019-02-16;6673023320
2019-02-17;6198958300
2019-02-18;7387728410
2019-02-19;7488416360
2019-02-20;7442521910
2019-02-21;7398719800
2019-02-22;7301991180
2019-02-23;6507447150
2019-02-24;6011201070
2019-02-25;7102053800
2019-02-26;7190513460
2019-02-27;7159343290
2019-02-28;7018105890
2019-03-01;7087098000
2019-03-02;6321227710
2019-03-03;5856103780
2019-03-04;6906659410
2019-03-05;7072798240
2019-03-06;7276998880
2019-03-07;7184134400
2019-03-08;7087833410
2019-03-09;6335939870
2019-03-10;5821064630
2019-03-11;6865403660
2019-03-12;7031054240
2019-03-13;7126305720
2019-03-14;7135749970
2019-03-15;6988275360
2019-03-16;6223851050
2019-03-17;5749158220
2019-03-18;6679203030
2019-03-19;6659804570
2019-03-20;7139544940
2019-03-21;7176269550
2019-03-22;7084466740
2019-03-23;6316794510
2019-03-24;5761298500
2019-03-25;6774478010
2019-03-26;6922656790
2019-03-27;6951775440
2019-03-28;6958546920
2019-03-29;6935414260
2019-03-30;6233221710
2019-03-31;5605826160
2019-04-01;6887375990
2019-04-02;7005917200
2019-04-03;7037729820
2019-04-04;7064693820
2019-04-05;7185439840
2019-04-06;6449303560
2019-04-07;5992784040
2019-04-08;7057589620
2019-04-09;7223291550
2019-04-10;7192446220
2019-04-11;7143652380
2019-04-12;6972532060
2019-04-13;6205787970
2019-04-14;5707967890
2019-04-15;6658007210
2019-04-16;6726521270
2019-04-17;6665515320
2019-04-18;5956421420
2019-04-19;5481642960
2019-04-20;5601281310
2019-04-21;5389473650
2019-04-22;5828784580
2019-04-23;6506595190
2019-04-24;6972983060
2019-04-25;6989852920
2019-04-26;6820011190
2019-04-27;6031787170
2019-04-28;5439483940
2019-04-29;6415722050
2019-04-30;6529924620
2019-05-01;5520070050
2019-05-02;6340623620
2019-05-03;6563118020
2019-05-04;5965282550
2019-05-05;5495723410
2019-05-06;6517469670
2019-05-07;6748910220
2019-05-08;6796887430
2019-05-09;6788291470
2019-05-10;6737385960
2019-05-11;6040530970
2019-05-12;5527063180
2019-05-13;6525649650
2019-05-14;6752773860
2019-05-15;6734692530
2019-05-16;6825208260
2019-05-17;6669744560
2019-05-18;5948319530
2019-05-19;5522787110
2019-05-20;6526854860
2019-05-21;6714942400
2019-05-22;6794785500
2019-05-23;6798106100
2019-05-24;6763208480
2019-05-25;6025319080
2019-05-26;5494106540
2019-05-27;6621820110
2019-05-28;6821376250
2019-05-29;6810625660
2019-05-30;6805438210
2019-05-31;6794244420
2019-06-01;6175814560
2019-06-02;5724077920
2019-06-03;6846205700
2019-06-04;7008053980
2019-06-05;6850530050
2019-06-06;6763937970
2019-06-07;6732359820
2019-06-08;6087637020
2019-06-09;5600185840
2019-06-10;6506387690
2019-06-11;6750824260
2019-06-12;6795202970
2019-06-13;6828627630
2019-06-14;6780561170
2019-06-15;6090461290
2019-06-16;5625875620
2019-06-17;6715634520
2019-06-18;6928866290
2019-06-19;6973311670
2019-06-20;6906765100
2019-06-21;6882198830
2019-06-22;6309708600
2019-06-23;5835061700
2019-06-24;6441748710
2019-06-25;7185557150
2019-06-26;7450877600
2019-06-27;7597011440
2019-06-28;7729668570
2019-06-29;7056419850
2019-06-30;6528781420
2019-07-01;7562831180
2019-07-02;7689231830
2019-07-03;7658159270
2019-07-04;7643609000
2019-07-05;7660717950
2019-07-06;6904879850
2019-07-07;6401507820
2019-07-08;7326643980
2019-07-09;7318266360
2019-07-10;7431879400
2019-07-11;7713972480
2019-07-12;7787436760
2019-07-13;6911601600
2019-07-14;6225155690
2019-07-15;7468785690
2019-07-16;7612436780
2019-07-17;7563241080
2019-07-18;7589314680
2019-07-19;7686853570
2019-07-20;6962537370
2019-07-21;6464878790
2019-07-22;7853853500
2019-07-23;8065705860
2019-07-24;8085401270
2019-07-25;7831232630
2019-07-26;7575436240
2019-07-27;6570203000
2019-07-28;5943490430
2019-07-29;7105218320
2019-07-30;7235428930
2019-07-31;7162129400
2019-08-01;7392243570
2019-08-02;7340919970
2019-08-03;6584205950
2019-08-04;6142474020
2019-08-05;7214687760
2019-08-06;7409256640
2019-08-07;7351577550
2019-08-08;7427480410
2019-08-09;7422919340
2019-08-10;6651267350
2019-08-11;6036097700
2019-08-12;6608972900
2019-08-13;6640520420
2019-08-14;6734076860
2019-08-15;6154062120
2019-08-16;6657254620
2019-08-17;6432183130
2019-08-18;6047595350
2019-08-19;6976127710
2019-08-20;6990395130
2019-08-21;6943329470
2019-08-22;6977605300
2019-08-23;6968687310
2019-08-24;6376566740
2019-08-25;5951133790
2019-08-26;7029886350
2019-08-27;7000768360
2019-08-28;7113504370
2019-08-29;7293888720
2019-08-30;7330904700
2019-08-31;6571942700
2019-09-01;6141121070
2019-09-02;7239750500
2019-09-03;7483150760
2019-09-04;7546858020
2019-09-05;7374976740
2019-09-06;7134428550
2019-09-07;6337690890
2019-09-08;5845892570
2019-09-09;6807623340
2019-09-10;6852602440
2019-09-11;6546415740
2019-09-12;6749134570
2019-09-13;6656406740
2019-09-14;5962795040
2019-09-15;5586960440
2019-09-16;6752215160
2019-09-17;6980560160
2019-09-18;7023185010
2019-09-19;7033262860
2019-09-20;6957210110
2019-09-21;6172281760
2019-09-22;5643557700
2019-09-23;6615092830
2019-09-24;6812894640
2019-09-25;6914233610
2019-09-26;6928344950
2019-09-27;6882147000
2019-09-28;6099166210
2019-09-29;5591538020
2019-09-30;6690346980
2019-10-01;6948449130
2019-10-02;6876892170
2019-10-03;6770099260
2019-10-04;6741762410
2019-10-05;6026228950
2019-10-06;5558895070
2019-10-07;6630119660
2019-10-08;6857962080
2019-10-09;6742566250
2019-10-10;6816294590
2019-10-11;6734954000
2019-10-12;5837501710
2019-10-13;5524348920
2019-10-14;6653743430
2019-10-15;6654424380
2019-10-16;6691272550
2019-10-17;6703874960
2019-10-18;6595458410
2019-10-19;5980692250
2019-10-20;5520544580
2019-10-21;6568361640
2019-10-22;6874710690
2019-10-23;6905755370
2019-10-24;6887784680
2019-10-25;6802686300
2019-10-26;6005326180
2019-10-27;5794654870
2019-10-28;6644184360
2019-10-29;6792266340
2019-10-30;6753123690
2019-10-31;6659696600
2019-11-01;5735239800
2019-11-02;5749766390
2019-11-03;5500658740
2019-11-04;6619493670
2019-11-05;6845678140
2019-11-06;6880306030
2019-11-07;6998167310
2019-11-08;7079158770
2019-11-09;6375675710
2019-11-10;5926620820
2019-11-11;7171919340
2019-11-12;7329115740
2019-11-13;7357935530
2019-11-14;7533658730
2019-11-15;7535009010
2019-11-16;6733467280
2019-11-17;6364444960
2019-11-18;7430055480
2019-11-19;7684666810
2019-11-20;7793309110
2019-11-21;7738896570
2019-11-22;7711978610
2019-11-23;6675360920
2019-11-24;6214244480
2019-11-25;7340173720
2019-11-26;7456462860
2019-11-27;7349898510
2019-11-28;7364661380
2019-11-29;7185876730
2019-11-30;6490364190
2019-12-01;6132306070
2019-12-02;7361048310
2019-12-03;7536360450
2019-12-04;7620917870
2019-12-05;7569693130
2019-12-06;6499454390
2019-12-07;6399722860
2019-12-08;6166323660
2019-12-09;6915753220
2019-12-10;7542227520
2019-12-11;7694033450
2019-12-12;7841732650
2019-12-13;7534271930
2019-12-14;6662711640
2019-12-15;6238915600
2019-12-16;7404570450
2019-12-17;7469120260
2019-12-18;7521113360
2019-12-19;7535639130
2019-12-20;7173366820
2019-12-21;6292314410
2019-12-22;5855490310
2019-12-23;6366980750
2019-12-24;5832746750
2019-12-25;5071751480
2019-12-26;5945396520
2019-12-27;6346710120
2019-12-28;6086256800
2019-12-29;5801320510
2019-12-30;6495679070
2019-12-31;6157710770
2020-01-01;5389081770
2020-01-02;6830578870
2020-01-03;7139937490
2020-01-04;6634783940
2020-01-05;6144754300
2020-01-06;5937808000
2020-01-07;7480332070
2020-01-08;7785214130
2020-01-09;7789943830
2020-01-10;7724286510
2020-01-11;6928468840
2020-01-12;6557371830
2020-01-13;7870907250
2020-01-14;8023917260
2020-01-15;7910500510
2020-01-16;7813071280
2020-01-17;7669994200
2020-01-18;6905011470
2020-01-19;6517724450
2020-01-20;8043625020
2020-01-21;8196093190
2020-01-22;7995505620
2020-01-23;7877635940
2020-01-24;7796860360
2020-01-25;6949056310
2020-01-26;6390266700
2020-01-27;7662645420
2020-01-28;7659742820
2020-01-29;7515133050
2020-01-30;7376031230
2020-01-31;7255890170
2020-02-01;6436660930
2020-02-02;5894551110
2020-02-03;6898176270
2020-02-04;7080485900
2020-02-05;7185638810
2020-02-06;7289541600
2020-02-07;7316975680
2020-02-08;6594807040
2020-02-09;6102406190
2020-02-10;7093276470
2020-02-11;7208570040
2020-02-12;7259589040
2020-02-13;7191203690
2020-02-14;7136411480
2020-02-15;6378580060
2020-02-16;5893413800
2020-02-17;6996271420
2020-02-18;7257625660
2020-02-19;7243715090
2020-02-20;7229346200
2020-02-21;7131629640
2020-02-22;6336652180
2020-02-23;5846939720
2020-02-24;6906656930
2020-02-25;7047872740
2020-02-26;7129239290
2020-02-27;7105619970
2020-02-28;6883629420
2020-02-29;6325370200
2020-03-01;5914479920
2020-03-02;7012967980
2020-03-03;7289061790
2020-03-04;7189069170
2020-03-05;7144564360
2020-03-06;7180209740
2020-03-07;6455690000
2020-03-08;5947290010
2020-03-09;7002888080
2020-03-10;7072632120
2020-03-11;7024703520
2020-03-12;6983433500
2020-03-13;6903167810
2020-03-14;6092247470
2020-03-15;5656642070
2020-03-16;6669923650
2020-03-17;6695037760
2020-03-18;6489432480
2020-03-19;6067547400
2020-03-20;6124119880
2020-03-21;5796300260
2020-03-22;5522172420
2020-03-23;6206639550
2020-03-24;6305865310
2020-03-25;6309666400
2020-03-26;6269377410
2020-03-27;6336815800
2020-03-28;5732417900
2020-03-29;5113713750
2020-03-30;5790014390
2020-03-31;5785532380
2020-04-01;5682669900
2020-04-02;5678582980
2020-04-03;5533493040
2020-04-04;5127358580
2020-04-05;4903995480
2020-04-06;5372812030
2020-04-07;5362223050
2020-04-08;5243641830
2020-04-09;5003589210
2020-04-10;4816555610
2020-04-11;4889074700
2020-04-12;4733132840
2020-04-13;5079031660
2020-04-14;5534716610
2020-04-15;5736133460
2020-04-16;5739523980
2020-04-17;5682021570
2020-04-18;5235892950
2020-04-19;4918776080
2020-04-20;5548151130
2020-04-21;5784369500
2020-04-22;5775970790
2020-04-23;5693147450
2020-04-24;5645398120
2020-04-25;5268307350
2020-04-26;4944849430
2020-04-27;5605292380
2020-04-28;5711935460
2020-04-29;5703247180
2020-04-30;5650597820
2020-05-01;4973868380
2020-05-02;5007439760
2020-05-03;4818238530
2020-05-04;5558026390
2020-05-05;5768770170
2020-05-06;5798107860
2020-05-07;5741705770
2020-05-08;5667562310
2020-05-09;5178959800
2020-05-10;4853252180
2020-05-11;5609442050
2020-05-12;5867191610
2020-05-13;5864324200
2020-05-14;5895617230
2020-05-15;5781809530
2020-05-16;5266807410
2020-05-17;4917730030
2020-05-18;5658489210
2020-05-19;5838221580
2020-05-20;5910263790
2020-05-21;5986308770
2020-05-22;6027356800
2020-05-23;5528434440
2020-05-24;5136506430
2020-05-25;5954480500
2020-05-26;6105861390
2020-05-27;6122062580
2020-05-28;6094067430
2020-05-29;6092511620
2020-05-30;5531999860
2020-05-31;5128481720
2020-06-01;5947237660
2020-06-02;6205813920
2020-06-03;6293766190
2020-06-04;6179502590
2020-06-05;6078915100
2020-06-06;5515824020
2020-06-07;5111041180
2020-06-08;5930888500
2020-06-09;6109126630
2020-06-10;6209560810
2020-06-11;6205253240
2020-06-12;6128270810
2020-06-13;5500938060
2020-06-14;5142711300
2020-06-15;6107046870
2020-06-16;6228193680
2020-06-17;6269321540
2020-06-18;6277719740
2020-06-19;6236166790
2020-06-20;5761155790
2020-06-21;5429115460
2020-06-22;6485227650
2020-06-23;6717265970
2020-06-24;6345312260
2020-06-25;6763157690
2020-06-26;6662695390
2020-06-27;6041468560
2020-06-28;5722713070
2020-06-29;6871882230
2020-06-30;7147413200
2020-07-01;7248315050
2020-07-02;7265925320
2020-07-03;6969779650
2020-07-04;6251017000
2020-07-05;5926131570
2020-07-06;7182271740
2020-07-07;7402759690
2020-07-08;7441341640
2020-07-09;7306789860
2020-07-10;7186442540
2020-07-11;6528145490
2020-07-12;5978152320
2020-07-13;7123157300
2020-07-14;7201754560
2020-07-15;7183942940
2020-07-16;7227577990
2020-07-17;7197135990
2020-07-18;6502170390
2020-07-19;6078158130
2020-07-20;7276892640
2020-07-21;7437286270
2020-07-22;7345501120
2020-07-23;7469464480
2020-07-24;7462472260
2020-07-25;6638166190
2020-07-26;6260648030
2020-07-27;7509413520
2020-07-28;7698631300
2020-07-29;7727428140
2020-07-30;7799431320
2020-07-31;7646293490
2020-08-01;6946939240
2020-08-02;6330925760
2020-08-03;7038568110
2020-08-04;7085060590
2020-08-05;7216170900
2020-08-06;7335359570
2020-08-07;7325476500
2020-08-08;6601081180
2020-08-09;6187361130
2020-08-10;6944234660
2020-08-11;6903328260
2020-08-12;6683443240
2020-08-13;6718877620
2020-08-14;6665331350
2020-08-15;5904910800
2020-08-16;5525429490
2020-08-17;6405321790
2020-08-18;6650658920
2020-08-19;6815636330
2020-08-20;6853667890
2020-08-21;6938721060
2020-08-22;6335439010
2020-08-23;5855323840
2020-08-24;6900259490
2020-08-25;7285400900
2020-08-26;7464646260
2020-08-27;7518905610
2020-08-28;7283048350
2020-08-29;5960896770
2020-08-30;5373145040
2020-08-31;6404864670
2020-09-01;6607981970
2020-09-02;6720116060
2020-09-03;6797591000
2020-09-04;6854291810
2020-09-05;6164886340
2020-09-06;5693935090
2020-09-07;6587253870
2020-09-08;6606402460
2020-09-09;6788994330
2020-09-10;6824577470
2020-09-11;6595604230
2020-09-12;6125191270
2020-09-13;5711826500
2020-09-14;6803334950
2020-09-15;7013626880
2020-09-16;7121543730
2020-09-17;7014504630
2020-09-18;6751858180
2020-09-19;5911091200
2020-09-20;5404412020
2020-09-21;6451260520
2020-09-22;6654469490
2020-09-23;6739700580
2020-09-24;6742235700
2020-09-25;6539536430
2020-09-26;5794516690
2020-09-27;5365341590
2020-09-28;6306176060
2020-09-29;6506419330
2020-09-30;6546770190
2020-10-01;6644147170
2020-10-02;6621575790
2020-10-03;5784616620
2020-10-04;5399448440
2020-10-05;6381282600
2020-10-06;6555946210
2020-10-07;6636014010
2020-10-08;6630232690
2020-10-09;6437714580
2020-10-10;5805532270
2020-10-11;5321193720
2020-10-12;5380495580
2020-10-13;6377464320
2020-10-14;6668229070
2020-10-15;6737337140
2020-10-16;6682422340
2020-10-17;5982975030
2020-10-18;5516074680
2020-10-19;6514117040
2020-10-20;6755926000
2020-10-21;6713715350
2020-10-22;6751853390
2020-10-23;6621458220
2020-10-24;5926748130
2020-10-25;5741249740
2020-10-26;6548143460
2020-10-27;6796096220
2020-10-28;6806086170
2020-10-29;6800155460
2020-10-30;6693769400
2020-10-31;5946621370
2020-11-01;5434464100
2020-11-02;6119359830
2020-11-03;6707904030
2020-11-04;6931352100
2020-11-05;6893017540
2020-11-06;6751280620
2020-11-07;6014090830
2020-11-08;5541104860
2020-11-09;6531546230
2020-11-10;6763810080
2020-11-11;6827005400
2020-11-12;6821460710
2020-11-13;6775761130
2020-11-14;6076847400
2020-11-15;5541758430
2020-11-16;6577908110
2020-11-17;6771934830
2020-11-18;6822154990
2020-11-19;6825366320
2020-11-20;6808181440
2020-11-21;6109298580
2020-11-22;5735610020
2020-11-23;6918525840
2020-11-24;7206884010
2020-11-25;7286097410
2020-11-26;7301608480
2020-11-27;7154274170
2020-11-28;6329987180
2020-11-29;5913530130
2020-11-30;7011475650
2020-12-01;7171545820
2020-12-02;7310638720
2020-12-03;7467022780
2020-12-04;7528870030
2020-12-05;6871867200
2020-12-06;6420174820
2020-12-07;6774417430
2020-12-08;6586236530
2020-12-09;7658769700
2020-12-10;7695481570
2020-12-11;7458343580
2020-12-12;6512223050
2020-12-13;6104860480
2020-12-14;7222395420
2020-12-15;7296729080
2020-12-16;7431900520
2020-12-17;7413944140
2020-12-18;7394746260
2020-12-19;6629064050
2020-12-20;6128212200
2020-12-21;7131527710
2020-12-22;7126480790
2020-12-23;6903069540
2020-12-24;6065136740
2020-12-25;5373004760
2020-12-26;5997503650
2020-12-27;6108945950
2020-12-28;6858501460
2020-12-29;6936082350
2020-12-30;6953856440
2020-12-31;6490150610
2021-01-01;5738870600
2021-01-02;6428563210
2021-01-03;6475744990
2021-01-04;7533875050
2021-01-05;7664453890
2021-01-06;6638874830
2021-01-07;8130417710
2021-01-08;8309134210
2021-01-09;7351902280
2021-01-10;6996753080
2021-01-11;8111365290
2021-01-12;8346261110
2021-01-13;8346946780
2021-01-14;8335136180
2021-01-15;8196290840
2021-01-16;7280811620
2021-01-17;6744021770
2021-01-18;7891984320
2021-01-19;8076664320
2021-01-20;8125063140
2021-01-21;7802713050
2021-01-22;7575912000
2021-01-23;6847498870
2021-01-24;6225307620
2021-01-25;7386809000
2021-01-26;7340627460
2021-01-27;7171347820
2021-01-28;7085986380
2021-01-29;6983021340
2021-01-30;6390071600
2021-01-31;6002646590
2021-02-01;6909025260
2021-02-02;7083512160
2021-02-03;7091061800
2021-02-04;7068797220
2021-02-05;7069657870
2021-02-06;6399177240
2021-02-07;6031453330
2021-02-08;7218283730
2021-02-09;7533266250
2021-02-10;7322293540
2021-02-11;7225032480
2021-02-12;7095139730
2021-02-13;6307418580
2021-02-14;5952136980
2021-02-15;7076722180
2021-02-16;7163660310
2021-02-17;7167290890
2021-02-18;7193807370
2021-02-19;7135846450
2021-02-20;6344998160
2021-02-21;6050998390
2021-02-22;7078768120
2021-02-23;7154064860
2021-02-24;7121315530
2021-02-25;7095159260
2021-02-26;7048538030
2021-02-27;6307454580
2021-02-28;5891741610
2021-03-01;6963923700
2021-03-02;7139783220
2021-03-03;7086913000
2021-03-04;7044720080
2021-03-05;7001593400
2021-03-06;6248006630
2021-03-07;5903713480
2021-03-08;7063928220
2021-03-09;7224244730
2021-03-10;7150110900
2021-03-11;7038052270
2021-03-12;6940028680
2021-03-13;6131415080
2021-03-14;5750458710
2021-03-15;6842219180
2021-03-16;6967016440
2021-03-17;6945081580
2021-03-18;7056427560
2021-03-19;6689857220
2021-03-20;6347666750
2021-03-21;5964335200
2021-03-22;6983996690
2021-03-23;7032025320
2021-03-24;6957992580
2021-03-25;6905763990
2021-03-26;6840317900
2021-03-27;6149205480
2021-03-28;5413416290
2021-03-29;6567406320
2021-03-30;6605840350
2021-03-31;6451555110
2021-04-01;5711628580
2021-04-02;5270914360
2021-04-03;5458202280
2021-04-04;5206333660
2021-04-05;5708760960
2021-04-06;6445581910
2021-04-07;6712055480
2021-04-08;6755767570
2021-04-09;6774710680
2021-04-10;6072764740
2021-04-11;5625852240
2021-04-12;6576815900
2021-04-13;6819262530
2021-04-14;6809491810
2021-04-15;6860912740
2021-04-16;6780353130
2021-04-17;6085415960
2021-04-18;5613690650
2021-04-19;6627325300
2021-04-20;6745282980
2021-04-21;6753222050
2021-04-22;6776210220
2021-04-23;6502383590
2021-04-24;5873042920
2021-04-25;5538786910
2021-04-26;6547034590
2021-04-27;6682999840
2021-04-28;6636946990
2021-04-29;6634891810
2021-04-30;6547295090
2021-05-01;5462635550
2021-05-02;5286336390
2021-05-03;6338411440
2021-05-04;6556990650
2021-05-05;6561893990
2021-05-06;6546048970
2021-05-07;6469985090
2021-05-08;5804911660
2021-05-09;5433519850
2021-05-10;6378261360
2021-05-11;6559062710
2021-05-12;6620008930
2021-05-13;6606168690
2021-05-14;6537687610
2021-05-15;5902026390
2021-05-16;5497293650
2021-05-17;6342504920
2021-05-18;6618715380
2021-05-19;6629979960
2021-05-20;6623087140
2021-05-21;6562753880
2021-05-22;5879711730
2021-05-23;5424400610
2021-05-24;6240928680
2021-05-25;6522073910
2021-05-26;6571251300
2021-05-27;6591580400
2021-05-28;6516411790
2021-05-29;5921484540
2021-05-30;5478959770
2021-05-31;6476037450
2021-06-01;6599598390
2021-06-02;6641923050
2021-06-03;6619590350
2021-06-04;6563344670
2021-06-05;5883284490
2021-06-06;5444430770
2021-06-07;6517512110
2021-06-08;6825505190
2021-06-09;6906479960
2021-06-10;7011245190
2021-06-11;6944818280
2021-06-12;6267277450
2021-06-13;5818443250
2021-06-14;6992382060
2021-06-15;7196898510
2021-06-16;7149096430
2021-06-17;6922838070
2021-06-18;6806383630
2021-06-19;6090196240
2021-06-20;5590658880
2021-06-21;6560145890
2021-06-22;6708714900
2021-06-23;6621214030
2021-06-24;6299426960
2021-06-25;6556661150
2021-06-26;6137244670
2021-06-27;5717219340
2021-06-28;6658737500
2021-06-29;6856886640
2021-06-30;7029092340
2021-07-01;7049041650
2021-07-02;7097746430
2021-07-03;6465890660
2021-07-04;6066845460
2021-07-05;7136297220
2021-07-06;7216677620
2021-07-07;7056445670
2021-07-08;7002630970
2021-07-09;7002073230
2021-07-10;6489823000
2021-07-11;6234306830
2021-07-12;7175979180
2021-07-13;6962904740
2021-07-14;6995779220
2021-07-15;7064907850
2021-07-16;7106123270
2021-07-17;6620226370
2021-07-18;6172012560
2021-07-19;7251858990
2021-07-20;7409702710
2021-07-21;7512538630
2021-07-22;7616801670
2021-07-23;7546123990
2021-07-24;6632709450
2021-07-25;6051361580
2021-07-26;6966214370
2021-07-27;7197183820
2021-07-28;7320462220
2021-07-29;7401552640
2021-07-30;7341878420
2021-07-31;6433308900
2021-08-01;5703560970
2021-08-02;6488750820
2021-08-03;6723428180
2021-08-04;6822084060
2021-08-05;6917226350
2021-08-06;6871995370
2021-08-07;6314898250
2021-08-08;5739393750
2021-08-09;6419209610
2021-08-10;6669371980
2021-08-11;6887307280
2021-08-12;7073048730
2021-08-13;7142725370
2021-08-14;6872416170
2021-08-15;6479675840
2021-08-16;6873138860
2021-08-17;6857162410
2021-08-18;6814865970
2021-08-19;6753910590
2021-08-20;6754630940
2021-08-21;6347078680
2021-08-22;5998148240
2021-08-23;6939129190
2021-08-24;7040095750
2021-08-25;6930841200
2021-08-26;7008363620
2021-08-27;7058584980
2021-08-28;6358718260
2021-08-29;5851949750
2021-08-30;6784341390
2021-08-31;7031337710
2021-09-01;7011693610
2021-09-02;6877629030
2021-09-03;6854109910
2021-09-04;6176552240
2021-09-05;5847344670
2021-09-06;7050429090
2021-09-07;7304846950
2021-09-08;7126903320
2021-09-09;7134144020
2021-09-10;6964330280
2021-09-11;6200634160
2021-09-12;5829055680
2021-09-13;6854708700
2021-09-14;6992190390
2021-09-15;6955147830
2021-09-16;6849651260
2021-09-17;6712318080
2021-09-18;6002042770
2021-09-19;5528160540
2021-09-20;6534620990
2021-09-21;6537565190
2021-09-22;6599388850
2021-09-23;6605821930
2021-09-24;6549581310
2021-09-25;5926336980
2021-09-26;5480904750
2021-09-27;6457967310
2021-09-28;6637364600
2021-09-29;6684124260
2021-09-30;6621438700
2021-10-01;6515397100
2021-10-02;5932117170
2021-10-03;5477111410
2021-10-04;6272880630
2021-10-05;6447887890
2021-10-06;6577542870
2021-10-07;6483210570
2021-10-08;6435437860
2021-10-09;5733560820
2021-10-10;5316604260
2021-10-11;5754269620
2021-10-12;5404041310
2021-10-13;6282576000
2021-10-14;6419363110
2021-10-15;6413589730
2021-10-16;5770246680
2021-10-17;5367167680
2021-10-18;6349984820
2021-10-19;6514352160
2021-10-20;6526194550
2021-10-21;6476294490
2021-10-22;6420121270
2021-10-23;5740007470
2021-10-24;5350051740
2021-10-25;6315117240
2021-10-26;6528520190
2021-10-27;6502289250
2021-10-28;6508268540
2021-10-29;6526497880
2021-10-30;5891796630
2021-10-31;5572486770
2021-11-01;5408981470
2021-11-02;6366024170
2021-11-03;6566679440
2021-11-04;6664428950
2021-11-05;6829055530
2021-11-06;6177521610
2021-11-07;5807437910
2021-11-08;6784941140
2021-11-09;6887248360
2021-11-10;6978649640
2021-11-11;6986309480
2021-11-12;6913252380
2021-11-13;6138670120
2021-11-14;5761771700
2021-11-15;6864167570
2021-11-16;7093844370
2021-11-17;7144529850
2021-11-18;7160219990
2021-11-19;7075219090
2021-11-20;6373289080
2021-11-21;5871368520
2021-11-22;7054667560
2021-11-23;7346014710
2021-11-24;7468051940
2021-11-25;7464779460
2021-11-26;7402838540
2021-11-27;6777406380
2021-11-28;6479652740
2021-11-29;7418652370
2021-11-30;7475807790
2021-12-01;7568148650
2021-12-02;7584539790
2021-12-03;7497900720
2021-12-04;6728242020
2021-12-05;6241180370
2021-12-06;6296002530
2021-12-07;6712140810
2021-12-08;6460497140
2021-12-09;7414438150
2021-12-10;7361904940
2021-12-11;6536832200
2021-12-12;6078780930
2021-12-13;7189372940
2021-12-14;7431699180
2021-12-15;7463080970
2021-12-16;7514844390
2021-12-17;7425374770
2021-12-18;6673094740
2021-12-19;6231392440
2021-12-20;7310556080
2021-12-21;7321998460
2021-12-22;7165304660
2021-12-23;6886524070
2021-12-24;5981645130
2021-12-25;5128507000
2021-12-26;5472764680
2021-12-27;6194367050
2021-12-28;6255634260
2021-12-29;6189154460
2021-12-30;6148808710
2021-12-31;5721799170